{
  "2": -0.5696466588203194,
  "3": -0.9996291242025777,
  "4": -0.9944048165017394,
  "5": -0.9995892773207156,
  "6": -0.9936142031939666,
  "7": -0.9940479144877578,
  "8": -0.9807956265502042,
  "9": -0.9827309485896295,
  "10": -0.9990266887483437,
  "11": -0.9794458551514822,
  "12": -0.9817444532836661,
  "13": -0.9817381026913025,
  "14": -0.9925326884951777,
  "15": -0.9969811155777241,
  "16": -0.9791981427703615,
  "17": -0.9951507090922603,
  "18": -0.9959038699082248,
  "19": -0.9819597524323455,
  "20": -0.9931879981482026,
  "21": -0.9929518371100208,
  "22": -0.9751563221019608,
  "23": -0.9741229377730796,
  "24": -0.9891079203276958,
  "25": -0.9920803519843296,
  "26": -0.9750603131810073,
  "27": -0.9751973952807886,
  "28": -0.991890409154358,
  "29": -0.9918550148128223
}